mfcc_0,mfcc_1,mfcc_2,mfcc_3,mfcc_4,mfcc_5,mfcc_6,mfcc_7,mfcc_8,mfcc_9,mfcc_10,mfcc_11,mfcc_12,spectral_centroid,zero_crossing_rate,pitch,chroma_0,chroma_1,chroma_2,chroma_3,chroma_4,chroma_5,chroma_6,chroma_7,chroma_8,chroma_9,chroma_10,chroma_11,jitter,shimmer,target
-175.94269,184.88727,-80.141304,7.933353,-23.744623,-15.9548235,24.959057,-26.685896,-3.8369462,1.2032886,-20.047943,-4.5844336,-18.08273,866.0568289365225,0.06783311631944444,839.447998046875,0.018421372,0.026738733,0.070727564,0.014585102,0.08026346,0.45455498,0.095015734,0.01581931,0.026348116,0.24953535,0.98953944,0.22544643,0.004684661722198241,0.047972540772177684,0
-232.8726,161.70158,-88.64218,-2.907016,-27.81422,-10.566531,30.146667,-29.491503,-7.0409584,4.483817,-18.7339,4.464524,-6.1952076,1021.999587239841,0.12024688720703125,874.5073852539062,0.09097805,0.107880145,0.85122126,0.23570672,0.018478088,0.022449229,0.1388883,0.831903,0.2316776,0.040653463,0.13409097,0.5016137,0.00309077609003087,0.04183643165154199,0
-193.67218,166.66905,-67.92848,18.0685,-40.295177,-17.496813,42.385727,-21.677246,2.1876464,3.6052773,-30.40596,0.23950563,-10.113168,1012.1412681390708,0.09506064967105263,879.8307495117188,0.004796446,0.008628633,0.024372963,0.0048783924,0.08577843,0.48309496,0.087839715,0.007205125,0.0066644633,0.20948677,1.0,0.2022227,0.0039002708708451446,0.04210256505241763,0
-205.55739,217.99242,-71.931465,-3.5828419,-36.86486,-5.2871165,44.233757,-19.208965,-4.2521276,-1.646268,-15.422553,7.7068753,-11.263185,882.0462203312917,0.08543266684322035,788.6071166992188,0.54079396,0.4527674,0.3056043,0.34169036,0.28133264,0.5801183,0.88570535,0.21378468,0.17608462,0.3311962,0.5341714,0.54577184,0.007850248824037492,0.11016937705396894,0
-135.41647,185.0552,-140.07387,19.317324,-27.714851,-8.010438,38.755512,-41.663246,13.134803,13.307873,-26.827854,3.4541507,-20.519476,1246.1736120967917,0.11897479363207547,1020.5098876953125,0.12444768,0.43913272,0.22353213,0.22027233,0.25006384,0.7557324,0.3312617,0.21051422,0.893606,0.44715372,0.17261052,0.34466633,0.0036985093030397586,0.03267783972261716,0
-123.38191,240.99118,-121.29321,8.729314,-10.802734,-14.514492,24.703194,-27.389093,8.217411,11.7554865,-9.909844,2.2482224,-24.167835,1022.9923490739595,0.10667025105337079,985.5547485351562,0.41147926,0.19410676,0.22254778,0.2692907,0.8132993,0.7538266,0.6384976,0.47115347,0.21585718,0.17862788,0.28020012,0.5381402,0.009834722922412439,0.11034114951398563,0
-186.0476,203.96484,-45.0619,-11.7752495,-64.07826,-40.579044,17.702341,-18.389585,-1.2790912,-1.2041763,-8.438054,14.366559,-7.9203453,773.5924034331604,0.07834912909836066,652.1965942382812,0.10649267,0.4360645,0.6104894,0.16928889,0.44363266,0.7073995,0.17281069,0.06626348,0.059735097,0.06831344,0.09937214,0.056835514,0.007125819513505289,0.06604811557297494,0
-183.12177,184.4028,-85.6332,3.76373,-23.285162,-9.619781,21.811232,-34.610207,7.8880887,13.713704,-21.682703,-0.79671496,-20.578426,940.9505805670096,0.08953302556818182,835.9359130859375,0.121543914,0.037785754,0.039495096,0.10139721,0.18356214,0.9966176,0.27895802,0.02627161,0.063033625,0.22835673,0.049040552,0.029583953,0.004275434615476379,0.036536842094788594,0
-469.9943,45.63781,41.823544,38.997074,36.85877,34.08189,30.74269,27.236746,23.456858,19.430235,15.318696,11.14485,6.9809175,123.00652557692459,0.014793882978723404,0.0,0.26039007,0.010319009,0.0011576772,0.00062868936,0.00052841485,0.00056461093,0.0007546571,0.0019203272,0.0245281,0.20717867,0.9996575,0.9379214,6.484856557641577e-07,3.7690294094777987e-06,0
-177.13153,161.35634,-114.32659,-2.547167,-9.702071,-14.377849,1.968509,-35.45527,12.611633,11.599633,-17.604967,1.2556152,-13.344163,1191.8188455631828,0.1357140174278846,1101.5653076171875,0.14342822,0.61045945,0.14129946,0.010930566,0.10869082,0.5670726,0.13043618,0.11239798,0.5698709,0.15067175,0.03463835,0.050753906,0.0032528846229201553,0.06774205692043131,0
-165.4759,201.43108,-67.57521,15.4301405,-73.67127,-30.258995,45.14083,-29.98319,9.683549,4.9157567,-19.915897,30.46979,-9.705513,1095.0721117062965,0.09783185992324561,820.920654296875,0.18067665,0.18786924,0.73685277,0.31861657,0.48901406,0.95015824,0.23183839,0.3025052,0.10175758,0.057598058,0.11217462,0.38109553,0.01512827434143912,0.12401944811627177,0
-184.44508,155.74055,-62.64025,19.65717,-47.188858,-8.923953,36.21118,-20.604183,6.5860944,-4.1986265,-22.705832,-3.9261143,-11.226266,1039.597554597795,0.09499897203947369,879.8306274414062,0.004799768,0.008629202,0.024365526,0.0048750867,0.08577939,0.4830897,0.08783341,0.007201144,0.0066564837,0.2094659,1.0,0.2022333,0.003840371234880953,0.041696517626299646,0
-199.9521,192.66881,-96.003944,-8.452787,-27.559093,-2.1523972,27.44759,-34.278286,2.868177,5.6936674,-16.025208,4.496463,-21.651396,952.5373969264629,0.0912265625,835.9541015625,0.09853232,0.41092893,0.07045718,0.14814195,0.21213292,0.28603917,0.9797205,0.14627673,0.009345121,0.19241035,0.48174414,0.047917984,0.003413423722722786,0.03867699292786073,0
-152.15074,191.24329,-110.210556,-11.610117,-9.55927,5.3194866,19.419083,-32.331303,10.688273,3.8532999,-26.42781,-1.215067,-12.681696,1107.1953860225406,0.14169730392156862,991.2243041992188,0.31514186,0.6448795,0.10949638,0.08349144,0.46807885,0.19970079,0.14040443,0.46623155,0.25209942,0.71831006,0.35036224,0.06856599,0.005278209151790188,0.07041027441770853,0
-392.04465,49.724316,34.723385,29.565716,24.627098,18.28998,11.815994,5.1757903,-1.558362,-7.9323177,-13.824612,-18.957672,-23.216171,249.7496339419297,0.0241851806640625,202.39759826660156,0.0011852357,0.0009088694,0.0008336785,0.0009152159,0.0011645725,0.001858858,0.013609549,0.34661728,1.0,0.28211746,0.011201251,0.001963154,5.701826602714187e-07,3.845060455306408e-06,0
-222.3937,162.75833,-89.68589,-8.5878525,-46.013454,-9.616839,42.06754,-26.559885,-3.9329896,4.458078,-11.843157,13.935539,-12.659004,1111.3306048436464,0.12953404017857142,768.3715209960938,0.24299164,0.23646668,0.8756168,0.20257059,0.40152565,0.15593275,0.011955223,0.12306828,0.76856154,0.19530834,0.0453888,0.43237707,0.0033593702636776643,0.05065047773445408,0
-162.41678,220.20999,-130.67853,7.221145,-4.45084,-9.890998,19.648228,-33.421024,13.800744,15.428918,-18.490604,4.2242136,-17.819674,1076.3687968239776,0.1273143737296748,1042.7952880859375,0.14703675,0.12027012,0.37635118,0.3751083,0.710957,0.77317935,0.49758136,0.34354413,0.79937476,0.24013112,0.44776043,0.28152907,0.004174576377220601,0.05421750881717986,0
-147.32172,214.61966,-97.36027,-19.32516,-44.82847,-24.346943,23.337023,-30.437006,-10.243676,6.7829614,6.621028,11.659354,-27.347652,974.3340819690966,0.11187744140625,793.4317626953125,0.07997264,0.22574599,0.7614511,0.77176464,0.49966425,0.3459888,0.29510057,0.20050025,0.12653539,0.08390888,0.057781834,0.055116184,0.014094925858732694,0.1286885567689781,0
-146.67918,225.2783,-93.772545,5.819552,-49.28842,-21.588722,44.71851,-35.924488,-9.794348,11.982047,-10.655211,9.609759,-14.8269005,962.9731824883589,0.09774709302325581,868.3320922851562,0.17218107,0.3127696,0.8922859,0.20693383,0.21243455,0.8406481,0.23940605,0.16233107,0.21916308,0.13591357,0.37810636,0.1335663,0.007418048589772776,0.11853181008636687,0
-184.24997,219.21837,-39.32843,10.600803,-36.548767,-10.807443,31.471476,-24.987818,-2.3602562,0.45118272,-9.856046,12.935301,-16.233204,734.5568490811975,0.05897923519736842,725.8314819335938,0.38628614,0.2508569,0.16403657,0.43650767,0.34901166,0.14372756,0.1196787,0.22944005,0.60690105,0.36357072,0.18007198,0.26616743,0.00876670582349847,0.1272766134210476,0
-165.07591,183.37964,-58.15793,6.511887,-28.05586,-12.361774,22.781773,-25.85312,-0.65426,-1.1726866,-18.917418,0.15114339,-20.752792,787.4743936665494,0.06321957236842106,771.11083984375,0.03789534,0.061114475,0.0136956135,0.10571292,0.37062815,0.07036597,0.007937159,0.02441125,0.37526122,0.996134,0.21435706,0.012598291,0.006422723850368841,0.0480340257448924,0
-145.26549,190.91257,-116.01512,-0.012647116,-37.9004,-22.616772,23.935453,-35.927208,4.470316,8.990859,-6.597352,17.877884,-24.817148,1064.9888909648523,0.10718399439102565,841.7545776367188,0.29607874,0.17733727,0.3952645,0.3548781,0.95256335,0.26659787,0.10848436,0.47955704,0.16853301,0.03895901,0.07185636,0.0656989,0.004138297761534861,0.03880958357213359,0
-201.84703,133.7294,-120.911766,10.104426,-9.022926,-3.8897834,24.24006,-39.9965,2.5833242,16.370094,-14.796156,5.4774804,-16.278543,1430.2067513532559,0.16539315958969467,1159.003173828125,0.012489423,0.15889533,0.12814313,0.12996888,0.97359425,0.2637871,0.17102905,0.14873315,0.04493764,0.0201451,0.05688948,0.029840736,0.0021059907471031396,0.03744773658152665,0
-199.18533,173.30695,-94.729774,-11.459276,-25.735016,5.4817624,37.150017,-29.684162,-6.450303,-1.583801,-14.145356,7.681806,-19.775831,1055.6406967758776,0.13691594050480768,778.1166381835938,0.8138021,0.12015725,0.1094936,0.8761584,0.21635221,0.010376586,0.0067724297,0.09213614,0.6133848,0.15359913,0.014839898,0.17935751,0.002099302470172313,0.04619033968859385,0
-160.93694,203.7766,-119.76087,9.540722,-34.39907,-21.62444,40.897648,-32.293,-7.8464065,5.8611217,-11.888692,12.410909,-19.392681,1058.0563295006252,0.09651692708333333,870.5941772460938,0.31955805,0.39382902,0.9707497,0.26269782,0.23018995,0.4319657,0.097585335,0.34313673,0.5272282,0.20210557,0.6609748,0.19407055,0.004019547839732034,0.04569219213744689,0
-127.46981,156.84207,-116.95338,6.925697,-39.629032,-14.350683,50.370613,-30.324047,-6.932733,8.525256,-23.946783,4.2337584,-2.6098452,1375.167184792713,0.13892029879385964,1227.579345703125,0.11233886,0.057297986,0.39253977,0.21363413,0.04689447,0.07089888,0.113938905,0.5460031,0.16273698,0.060532693,0.2158007,0.7367396,0.00781844438555669,0.12499156389925771,0
-189.05156,173.99701,-93.05558,20.857903,-15.255673,-34.16286,13.028169,-6.7664165,12.908399,-12.734943,-30.1932,7.812066,-11.789495,994.3103862945411,0.07886745505136987,959.6420288085938,0.013964575,0.036304608,0.16694011,0.030539924,0.0037557038,0.010028357,0.2646095,0.9872152,0.18736719,0.053430922,0.058438856,0.1274848,0.005040704521751787,0.03546725940056631,0
-165.19234,192.83939,-99.74254,34.448746,-76.729454,-26.232271,58.263355,-46.690083,5.472499,-1.1218704,-42.26337,20.52928,-10.113658,1345.152891811627,0.12473046875,1659.6756591796875,0.3153114,0.22588752,0.2368117,0.5125517,0.111967154,0.21753131,0.69377667,0.22444482,0.47902343,0.774818,0.38169312,0.9207812,0.005863023058168463,0.048047778070158795,0
-164.19899,172.84843,-110.427536,-3.369977,-28.01367,6.8970723,32.86896,-44.148193,4.510355,3.2069511,-26.037971,7.3148603,-21.78295,1087.1560875190044,0.09379002305327869,956.6925659179688,0.12904659,0.091637306,0.43748295,0.11596625,0.18866412,0.33605665,0.24575643,0.8529742,0.23657875,0.025111316,0.124037266,0.5212715,0.0051554185614071,0.05109896716261896,0
-165.86469,172.90895,-74.33335,9.578566,-31.193502,-6.689352,18.280441,-25.579088,1.0096021,-7.2831054,-11.758593,-8.989633,-19.41358,889.4913959764018,0.06751844618055555,839.4471435546875,0.01840642,0.02672462,0.07069762,0.014575924,0.08026049,0.45458463,0.095017135,0.015806284,0.026336543,0.24953756,0.98954576,0.22545233,0.004799299835832755,0.04790967543893951,0
-179.67587,182.41968,-109.14173,4.067361,-44.040962,-19.047623,41.49695,-36.73428,-7.2292805,14.88593,-9.706832,9.4111595,-14.300328,1190.1325182940875,0.12140447443181818,946.1921997070312,0.17762305,0.7118999,0.4952989,0.5234459,0.60973144,0.29306856,0.1751488,0.78109705,0.1967371,0.17095652,0.10926521,0.15335543,0.004421093093268374,0.07362877728320015,0
-142.20088,197.13792,-118.96188,-16.455212,-59.953056,-45.6076,17.233953,-36.980408,-9.369038,1.9603095,-9.461675,20.216494,-9.0290575,1025.6550064588293,0.09625544313524591,803.5226440429688,0.22465591,0.36807355,0.5096964,0.78484565,0.36329928,0.7255685,0.5320865,0.11744768,0.1511231,0.07917788,0.067658536,0.11563678,0.0166356505857381,0.12252750162715693,0
-172.28398,180.52979,-108.19701,34.066628,3.6164987,-25.108418,21.965778,-22.697721,-1.1991884,9.905469,-22.906656,-4.8924346,-2.4416635,1042.963658284774,0.0569358648255814,1040.5665283203125,0.04667449,0.21077166,0.042401142,0.0269144,0.051801145,0.2743114,0.9975205,0.23575433,0.048767045,0.04331286,0.094431266,0.019183556,0.004586122862256844,0.032300536829928866,0
-202.70801,171.77536,-95.69528,6.9711437,-19.085442,-19.603058,28.968596,-16.596077,-0.8250831,5.6135564,-19.788126,-8.94385,-11.513359,1072.2563038968772,0.1026761825770548,917.668701171875,0.050484855,0.15455665,0.09590982,0.0324416,0.09495285,0.14645138,0.68569905,0.42450154,0.055621415,0.15773672,0.8393036,0.3513824,0.00805607686274211,0.07492251612651206,0
-139.79317,198.1002,-112.669,16.59412,2.250193,-17.719551,10.351831,-28.743357,7.1836324,4.2136493,-27.494654,-0.14477253,-6.277737,1010.5535377063418,0.06026335685483871,1020.4798583984375,0.033080712,0.28071553,0.1341607,0.016417658,0.05299535,0.157352,0.9660327,0.4598083,0.110618696,0.06812834,0.13238655,0.03779368,0.005716644022396071,0.047580269416926856,0
-159.34465,197.56905,-84.280045,-10.509885,-50.048916,-31.186712,26.339273,-23.031073,4.362656,15.573669,-11.245956,3.9509182,-10.93563,966.5680788511322,0.09377531828703704,812.9249877929688,0.034798045,0.05061135,0.09397079,0.068622574,0.24499972,0.9858039,0.30453965,0.046371464,0.04469689,0.0826163,0.25508073,0.079302095,0.02018614406491439,0.18954640884683863,0
-225.939,153.69714,-85.33294,-0.64378476,-34.216423,-3.1701398,25.165539,-29.143465,-2.6643708,-2.6214535,-12.106195,1.2550696,-7.7446632,1037.3204280798107,0.11980438232421875,874.5069580078125,0.090982765,0.10787329,0.851213,0.23570567,0.018475689,0.02244336,0.13887529,0.8319009,0.23167497,0.040649347,0.134084,0.5016226,0.0030864827097525646,0.04163313167764952,0
-394.39032,53.44175,38.168774,32.595436,27.148363,20.23421,13.276437,6.013936,-1.1834145,-8.051696,-14.296213,-19.731773,-24.185116,233.93060817598868,0.0240936279296875,201.900146484375,0.0010678681,0.00082248345,0.0007719551,0.0008835073,0.0011797581,0.0019560973,0.0146165015,0.37386745,1.0,0.26337016,0.010318132,0.0017954106,4.18217894575519e-07,2.5311539772234768e-06,0
-155.52104,184.43637,-140.66777,7.855283,-9.8837595,-15.155032,26.408873,-33.8259,3.2428505,14.079049,-23.970354,-4.48412,-13.727632,1205.0870429734032,0.1541552734375,1066.6492919921875,0.055378404,0.3563659,0.08874239,0.2878175,0.68568873,0.22354631,0.94667846,0.21055917,0.07038547,0.1635967,0.6232515,0.08474519,0.004202033508049616,0.04216873649406567,0
-131.67596,200.48305,-105.19192,17.698597,-38.81639,-55.554802,18.31486,-26.46777,-23.943935,-11.626803,-3.2222924,21.95866,-6.6444726,1001.610188773188,0.09034151243932038,833.4749755859375,0.33057275,0.13660288,0.26620808,0.9239389,0.16572247,0.052690968,0.25150675,0.095212296,0.024271958,0.048226383,0.14518236,0.8480894,0.005887168688449818,0.0908781798413064,0
-183.99167,210.42247,-76.07616,-11.011427,-63.39695,-41.60043,34.92475,-10.762468,-7.141922,-2.955233,-9.447213,7.824879,-8.516625,889.0210028359943,0.09413840553977272,681.9594116210938,0.22134076,0.20980047,0.24137108,0.08914292,0.2651418,0.9593388,0.1654807,0.65206194,0.24190764,0.19633949,0.16195944,0.5672584,0.004369004845810485,0.053463822111811006,0
-215.5128,178.3437,-69.635506,15.7566185,-12.910881,-8.728347,25.05214,-34.34206,-8.094445,13.181673,-16.97954,-9.045639,-13.226874,920.2566184601629,0.05475809487951807,816.7968139648438,0.055658266,0.18536732,0.043927692,0.04797783,0.08527152,0.25797427,0.9893251,0.30387682,0.02541692,0.09344541,0.116872706,0.015507925,0.005370338706398622,0.05734078001671495,0
-170.06503,181.07741,-68.55812,1.6608146,-48.39626,-25.528015,20.767385,-27.00923,7.828992,9.517171,-8.0025215,4.7447476,-25.53862,920.0426270658878,0.08855975115740741,760.1648559570312,0.021763574,0.047135882,0.21914108,0.059104618,0.04217983,0.20048991,0.9304442,0.21501407,0.08042706,0.14961044,0.040877853,0.0089166965,0.003393563900971228,0.06121827608265267,0
-184.03116,194.02234,-71.98622,13.04446,-17.894226,0.7046915,36.316113,-29.617918,-5.136353,-0.5896611,-21.542908,3.904839,-15.190915,848.3596429677716,0.04797295839088398,788.8373413085938,0.24131577,0.034396056,0.15527463,0.24397607,0.035667423,0.039055157,0.062518455,0.6116715,0.90087306,0.13562039,0.032037478,0.26080585,0.007650187903340343,0.08167715559340771,0
-117.286545,198.26895,-116.88007,21.575045,-23.46111,-12.460478,34.491894,-49.34173,-9.771776,6.0295415,-30.493937,-6.626062,-20.543802,1102.7002486287583,0.0752704326923077,870.275390625,0.14905788,0.225176,0.23799972,0.76075035,0.7036715,0.30683166,0.1479122,0.14144924,0.13586406,0.14888911,0.1938808,0.16756202,0.008992989292638752,0.06591793421083778,0
-376.75006,51.30424,36.529778,30.713713,25.22576,18.223833,11.063674,3.7221956,-3.5555344,-10.411712,-16.583061,-21.794899,-25.951387,260.38914834921985,0.0250091552734375,209.62718200683594,0.001096048,0.0008346934,0.000749902,0.0008024311,0.0010775891,0.0018345034,0.012831735,0.3635532,1.0,0.2539313,0.00937002,0.001795977,4.0641438531135647e-07,2.2609484822858263e-06,0
-172.30386,223.74324,-97.136635,3.1129463,-24.891314,-27.753551,18.493286,-23.862324,-1.7989243,1.706022,-9.5071335,6.544093,-17.574432,892.5585169209397,0.09048332966549295,841.0335083007812,0.1907189,0.85808593,0.3389973,0.16398048,0.59666765,0.2807301,0.23416764,0.54637367,0.2416254,0.81083554,0.3630616,0.10564959,0.005910751269974509,0.09031678275286509,0
-391.8655,49.576317,34.732452,29.580414,24.629673,18.261114,11.850126,5.1462803,-1.5389237,-7.9466953,-13.816748,-18.958906,-23.226818,251.07359141048835,0.0241851806640625,202.39761352539062,0.0011856912,0.000909333,0.000834074,0.00091553794,0.0011648075,0.0018589597,0.013609121,0.34661525,1.0,0.28211862,0.011202426,0.0019639027,3.3380152929820433e-07,2.190736673163945e-06,0
-378.20087,53.571846,38.389446,32.202408,26.230347,18.691957,11.028615,3.1923122,-4.4889064,-11.649658,-17.983782,-23.229357,-27.266275,252.2963416448921,0.025482177734375,212.73089599609375,0.0010444759,0.00077837287,0.00070555386,0.0007815679,0.0010184237,0.0015569477,0.008491943,0.22646457,1.0,0.39050293,0.013156429,0.0018115266,4.083704583925776e-07,2.164392182505249e-06,0
-385.65536,57.695618,40.831062,33.375786,27.58915,20.116058,12.344753,4.5312123,-3.0733554,-10.331866,-16.760443,-22.156507,-26.419281,218.91199362619227,0.0249176025390625,208.8929443359375,0.00092764,0.000708806,0.00065680966,0.00074001204,0.0010585947,0.0019512752,0.013546849,0.38225952,1.0,0.2413633,0.008537406,0.0015680185,3.8175535348894953e-07,2.2234616661508287e-06,0
-148.07086,213.69803,-103.00523,18.238184,-31.91261,-26.663902,28.647158,-32.222458,-3.0209048,5.8577113,-9.385651,2.3370218,-32.527508,967.2511412441842,0.07921006944444445,801.251220703125,0.19195174,0.08425461,0.111987524,0.38906753,0.19133115,0.3626159,0.9984438,0.22348641,0.60483354,0.23951602,0.08041047,0.060762577,0.004062923273125189,0.05646348475770991,0
-333.06665,101.21706,44.001865,27.099695,-6.573301,-4.1968436,-7.7590303,-12.993581,-4.631726,-17.732473,4.158697,5.6649346,-7.734723,1475.5319590943952,0.09170785134668508,979.3565063476562,0.30863374,0.33946198,0.29191825,0.313109,0.38992006,0.43510965,0.40643054,0.31619874,0.18510199,0.17947966,0.24400122,0.3277416,0.021789632387990827,0.11809080691555554,0
-350.2489,114.493904,13.118532,-25.82554,-6.722755,-11.508337,-6.2668786,0.30865705,-15.587667,2.505978,4.1214204,5.56949,-17.300686,1620.1735644050714,0.10137250729571984,849.0518188476562,0.21909508,0.35636535,0.5513977,0.460431,0.33486968,0.34918532,0.47960997,0.37667176,0.28895774,0.21451426,0.18501337,0.20533462,0.007665401093253804,0.11083678499220947,0
-256.80347,131.98306,-49.290142,-7.653019,-44.033203,-15.430873,32.280846,-19.499773,-8.491303,8.134972,-4.3028517,7.780805,-9.836439,1069.0165536713237,0.1032974108130531,773.7314453125,0.062559985,0.14258753,0.22787666,0.20810641,0.9766156,0.20999433,0.010409621,0.071443625,0.16332243,0.019147342,0.04324431,0.24244209,0.002797642697902118,0.0685926709776983,0
-284.61227,95.898224,-4.209128,31.534822,-3.5074987,-13.091689,-18.812685,-9.34013,-4.657096,-7.9206886,0.22131002,-3.880089,-6.604688,1706.1169267251505,0.15654121143958868,1273.5703125,0.43837437,0.3304275,0.34302416,0.30992904,0.3262483,0.3210753,0.28961414,0.2819819,0.32113782,0.3174317,0.34248716,0.43673462,0.02295071977861168,0.15639813918604034,0
-341.64825,95.82265,10.890055,17.077627,-4.845372,-7.9300666,-14.569682,-16.208113,-11.47552,-12.461142,-3.5404265,0.7163551,-9.067208,1591.1012267191456,0.10789671731651376,1173.48681640625,0.2990393,0.37147516,0.3633398,0.3532298,0.37197194,0.42280576,0.51592827,0.45864928,0.236196,0.25390473,0.29060128,0.30796713,0.013755056450871791,0.08093606031117,0
-420.47754,108.02054,14.4323225,11.438302,1.3492086,-6.191113,-6.8036494,-5.953962,-8.443997,-9.922985,-0.68200636,1.4369767,-2.1005836,1296.2051456022245,0.09619140625,1033.949462890625,0.4749352,0.45695797,0.42650437,0.45628354,0.45722187,0.37400824,0.42341903,0.45627856,0.35602775,0.37713066,0.4997198,0.500188,0.02355522469842061,0.13864021799753842,0
-389.30472,62.53762,12.572421,51.706406,-10.975018,3.131958,12.704857,-7.286803,11.263157,0.61320436,-4.0468836,1.6263236,-8.994928,2215.3136988948236,0.20340098505434784,1683.6365966796875,0.3308813,0.37508616,0.4558701,0.35704365,0.23719777,0.29985997,0.3920105,0.82834345,0.6033417,0.33064184,0.26014906,0.2525353,0.04270926220779295,0.20485246692853745,0
-323.66553,86.09092,40.93016,33.537388,-4.5879803,-10.569162,-27.774456,-15.773139,-9.992678,-8.791238,-3.1146655,-3.4298077,-0.71417487,1413.9021931667555,0.08493748294213974,875.5524291992188,0.26509354,0.2700253,0.3356888,0.4734444,0.48968834,0.35517627,0.22933999,0.18906769,0.2244621,0.25293216,0.36044613,0.31907916,0.019961084868777953,0.13097250012411105,0
-369.40842,111.84496,12.954693,11.434973,-13.598338,-5.001089,-9.370833,-12.880016,-7.295674,-16.871498,0.22513357,2.5460231,-3.096959,1407.9806193619663,0.0892241662289916,972.323974609375,0.41888502,0.43888897,0.39089084,0.3683303,0.45888826,0.3915746,0.36541194,0.34338814,0.28292042,0.31397822,0.31164438,0.43840826,0.020071357542786435,0.1051573982367892,0
-275.0726,102.97519,15.496485,23.588234,-2.941047,-3.835048,-15.244047,-19.722551,-9.7303095,-2.9044683,-0.29514435,-0.7920736,-8.290677,1415.7728727123956,0.08989494077620967,988.1731567382812,0.2096239,0.32807478,0.41558918,0.44835052,0.40893385,0.28566036,0.24184828,0.17549083,0.21159014,0.2898876,0.32631385,0.24451269,0.030360123769917084,0.17695487602002236,0
-377.2545,111.05163,8.473229,16.657354,7.9531884,7.022427,3.7456558,2.6526423,-1.4500968,2.9656565,1.5007727,-3.5225406,-4.607459,768.2615725591531,0.03964255042109929,656.1066284179688,0.13395146,0.1026802,0.13291629,0.15124685,0.16858824,0.19017276,0.29927897,0.6752904,0.3238447,0.15006396,0.18311122,0.15126294,0.040581801356117074,0.2094622879910238,0
-281.64087,89.632774,22.961609,15.251875,-11.873337,-17.056654,-8.986127,-17.255869,-13.170896,-9.313371,2.0338194,3.1728108,-4.019199,1512.4461191312455,0.09920942603643217,1072.177001953125,0.29971945,0.3656212,0.28749877,0.24136192,0.2284855,0.33020028,0.46990877,0.42887157,0.33653364,0.22128397,0.18900752,0.21149445,0.015138020547959164,0.10186722538448142,0
-284.61227,95.898224,-4.209128,31.534822,-3.5074987,-13.091689,-18.812685,-9.34013,-4.657096,-7.9206886,0.22131002,-3.880089,-6.604688,1706.1169267251505,0.15654121143958868,1273.5703125,0.43837437,0.3304275,0.34302416,0.30992904,0.3262483,0.3210753,0.28961414,0.2819819,0.32113782,0.3174317,0.34248716,0.43673462,0.02295071977861168,0.15639813918604034,0
-385.37018,80.53082,41.2219,38.5577,-5.4337244,-7.290628,-12.29025,-2.8795638,-4.521032,-4.9139733,3.274757,-1.0740223,-5.2584248,1366.2455612854053,0.08597670506386862,1049.125244140625,0.37058595,0.3653182,0.36308366,0.39152735,0.48969135,0.4851611,0.43029177,0.44399142,0.29845607,0.19566378,0.23814537,0.30679312,0.01542391850346987,0.09331519707179546,0
-275.0726,102.97519,15.496485,23.588234,-2.941047,-3.835048,-15.244047,-19.722551,-9.7303095,-2.9044683,-0.29514435,-0.7920736,-8.290677,1415.7728727123956,0.08989494077620967,988.1731567382812,0.2096239,0.32807478,0.41558918,0.44835052,0.40893385,0.28566036,0.24184828,0.17549083,0.21159014,0.2898876,0.32631385,0.24451269,0.030360123769917084,0.17695487602002236,0
-341.64825,95.82265,10.890055,17.077627,-4.845372,-7.9300666,-14.569682,-16.208113,-11.47552,-12.461142,-3.5404265,0.7163551,-9.067208,1591.1012267191456,0.10789671731651376,1173.48681640625,0.2990393,0.37147516,0.3633398,0.3532298,0.37197194,0.42280576,0.51592827,0.45864928,0.236196,0.25390473,0.29060128,0.30796713,0.013755056450871791,0.08093606031117,0
-281.64087,89.632774,22.961609,15.251875,-11.873337,-17.056654,-8.986127,-17.255869,-13.170896,-9.313371,2.0338194,3.1728108,-4.019199,1512.4461191312455,0.09920942603643217,1072.177001953125,0.29971945,0.3656212,0.28749877,0.24136192,0.2284855,0.33020028,0.46990877,0.42887157,0.33653364,0.22128397,0.18900752,0.21149445,0.015138020547959164,0.10186722538448142,0
-420.4472,107.98343,14.461208,11.414004,1.3759972,-6.232171,-6.7539144,-6.0066104,-8.378432,-10.001167,-0.59826636,1.341087,-1.9927415,1304.0981292481288,0.09447665477362205,1034.6907958984375,0.4749797,0.45693704,0.42642,0.45626512,0.45719424,0.37396362,0.42337054,0.45629144,0.3560143,0.37696534,0.4994192,0.50037754,0.022857343339554796,0.13699896964325817,0
-377.25446,111.05158,8.473252,16.657337,7.953139,7.022459,3.7455735,2.652624,-1.4499935,2.9655576,1.5008267,-3.5225887,-4.6074114,768.2621132248644,0.03964255042109929,656.1066284179688,0.13395165,0.10268023,0.13291624,0.15124694,0.16858824,0.19017276,0.299279,0.67529035,0.32384476,0.1500641,0.18311127,0.15126318,0.040581771700388805,0.20946231879108446,0
-374.7838,115.186615,30.28954,8.8927,-8.8152075,-5.344903,-16.407831,-20.1715,-8.582367,-12.115407,0.21805428,2.1439548,-9.834676,1352.6468224072214,0.08799649128871681,887.8148193359375,0.35772964,0.3190579,0.36232758,0.50138617,0.44501936,0.361016,0.32540324,0.25512978,0.23293462,0.29350233,0.4332405,0.45268756,0.02010220473236837,0.114919103145051,0
-195.69566,201.53462,-68.50211,-11.551616,-37.591072,-17.326632,20.326403,-22.458784,-0.3996804,-5.323883,-13.854583,11.168555,-15.185891,821.9293622968827,0.08465140206473214,734.9230346679688,0.07543821,0.18711925,0.16579059,0.88915825,0.5584717,0.06390907,0.078877576,0.33188778,0.11893757,0.04388069,0.32177797,0.2173131,0.004556468452884164,0.06691686493424513,0
-396.66177,109.49837,43.62242,15.138237,-20.866741,-2.7546303,-21.969385,-15.406362,1.8030297,-4.291036,8.26904,-2.5378106,0.4126284,1462.9918911025072,0.13791822350543478,951.0020141601562,0.2486446,0.31923744,0.28051877,0.25106248,0.21936634,0.19668482,0.2974458,0.40230337,0.4236227,0.3143408,0.22943826,0.17453013,0.021081242524236682,0.1314336133162362,0
-385.37018,80.53082,41.2219,38.5577,-5.4337244,-7.290628,-12.29025,-2.8795638,-4.521032,-4.9139733,3.274757,-1.0740223,-5.2584248,1366.2455612854053,0.08597670506386862,1049.125244140625,0.37058595,0.3653182,0.36308366,0.39152735,0.48969135,0.4851611,0.43029177,0.44399142,0.29845607,0.19566378,0.23814537,0.30679312,0.01542391850346987,0.09331519707179546,0
-263.13364,131.91946,-71.7577,-2.0336251,-31.793749,0.2502134,20.578354,-25.593178,10.531964,1.1278665,-17.591764,4.007093,-11.159512,1183.1724774548459,0.11072570008116883,1166.676513671875,0.5610813,0.07429089,0.18664856,0.61167103,0.2130271,0.06525826,0.10323341,0.39102495,0.91869694,0.24760987,0.030281795,0.32495034,0.0032743678859172677,0.04153040174303613,1
-268.90814,138.73576,-74.79891,-3.3720386,-27.064846,-5.391407,24.548393,-26.06604,7.3513675,6.484668,-22.713871,6.6641355,-10.218953,1161.1483246805644,0.11070033482142858,1165.8145751953125,0.56101036,0.0742725,0.18663451,0.611686,0.21302728,0.065252535,0.103211105,0.39100134,0.9186907,0.24769832,0.03044337,0.32488728,0.0032722737194134078,0.041455228373861654,1
-230.08618,154.79709,-88.68013,1.4894828,-39.286217,-10.5783615,49.464752,-18.245779,-1.8174503,7.379092,-17.01149,13.765764,1.6988536,1197.5684372581752,0.1104266826923077,999.8424072265625,0.54358536,0.39569768,0.31000975,0.2736689,0.09739021,0.049017888,0.28845137,0.21837293,0.10533119,0.3836669,0.1460448,0.80511045,0.0074643695424100485,0.0910524086485323,1
-178.14534,191.69246,-76.77076,1.2464988,-16.062695,-1.9866644,22.795744,-29.14287,-0.39481288,-1.8181757,-20.196795,3.3614576,-18.513214,831.2219919325208,0.05878155048076923,795.85595703125,0.33794358,0.049857717,0.073332936,0.11288225,0.33974963,0.9933373,0.21194404,0.010612726,0.12378817,0.37977406,0.036695916,0.083575636,0.002866464395829328,0.039586787163135725,1
-168.43951,166.4486,-87.75918,-13.11009,-37.473114,-13.540841,29.654657,-19.142344,6.7564197,8.637813,-17.306486,-3.9435701,-15.978104,999.8840449786011,0.11140688004032258,795.6077880859375,0.014060944,0.04779062,0.015719587,0.06540737,0.3464493,0.13706547,0.011297988,0.0077182464,0.17569555,0.95118797,0.30716172,0.013996128,0.003098154469974779,0.046068599048155516,1
-226.86153,170.34686,-55.442974,-15.633373,-30.448162,-11.5531025,17.754276,-26.375233,-10.729662,6.8623857,4.6773014,9.489364,-17.391956,922.2049415239946,0.09681919642857142,807.584228515625,0.2651217,0.105380885,0.25162297,0.2666447,0.37033218,0.73856556,0.1426134,0.015077238,0.029885806,0.039293658,0.024700783,0.082536235,0.008720671051264466,0.1135358599284477,1
-131.8641,146.6596,-68.78288,-8.19548,-26.827179,-3.1320872,25.75823,-25.299253,-2.3628848,1.3992842,-16.57134,1.9673386,-12.077588,1066.9750285709542,0.10071368550145349,1007.4757080078125,0.23277897,0.43766478,0.49033275,0.18010925,0.10218852,0.121994086,0.18672812,0.16869895,0.27634054,0.28128392,0.10748433,0.20475347,0.011170106731121706,0.055845386065449795,1
-168.34352,131.8275,-139.45743,32.618496,4.392533,-21.613428,14.87383,-17.15703,19.30471,-13.25196,-37.478096,24.416407,-0.23731677,1532.8780784637722,0.20220947265625,1278.4727783203125,0.3776913,0.03075269,0.005844221,0.041796148,0.020308604,0.013809501,0.13691542,0.13618988,0.16788518,0.8277483,0.27156758,0.67033577,0.002914948679316062,0.0372834405762631,1
-160.50165,194.16885,-92.92609,3.248208,-27.828684,-6.629438,37.07308,-32.368557,-5.913321,2.6912396,-20.003847,9.312875,-11.362951,1065.9922338437998,0.12192589128521127,1423.9996337890625,0.18018167,0.42355007,0.5263171,0.15027241,0.13968149,0.14174981,0.45384887,0.73393697,0.24244429,0.1475825,0.2608758,0.29054472,0.012428778091780392,0.08750587960752057,1
-256.80817,131.97978,-49.29259,-7.6572323,-44.03601,-15.434058,32.278084,-19.50306,-8.49527,8.133234,-4.306453,7.7774463,-9.837647,1069.0486937622645,0.10329525027654868,773.874267578125,0.06255981,0.1425868,0.22787526,0.20810658,0.97661626,0.20999423,0.010409317,0.07144324,0.16332151,0.019146932,0.043244082,0.24244216,0.002797497468857665,0.06859101403969108,1
-98.74045,137.92174,-143.39285,32.375965,-29.585396,-47.89696,19.810478,-37.228436,2.6147628,12.546194,-26.815681,-1.2891757,-16.372644,1552.2133580008017,0.1391009706439394,1651.8599853515625,0.030110052,0.33971536,0.6956274,0.1290694,0.089152776,0.26687396,0.37989336,0.07642289,0.52033454,0.7049619,0.05525609,0.01982898,0.004405298053261449,0.03645606671115689,1
-133.06993,192.08165,-89.86555,18.28529,-23.791155,-27.230549,12.30034,-33.050385,7.8054185,7.352556,-11.773572,14.006583,-25.007881,1024.0482924360645,0.08243720476017442,736.8756713867188,0.23158361,0.052828684,0.21781377,0.79684794,0.3234331,0.11195774,0.26924232,0.1043502,0.03230433,0.021748811,0.21099482,0.64459586,0.006658105376064308,0.0648180553453957,1
-156.9909,148.08464,-118.699615,3.1079488,-36.12497,-19.357101,23.881737,-30.613354,3.0634418,-7.2251053,-15.146737,17.222977,-23.146374,1215.2428251139384,0.11121676260964912,948.9603881835938,0.32952908,0.14677928,0.06630049,0.38196808,0.2188058,0.0191993,0.028673988,0.091048874,0.72229075,0.5300015,0.035617284,0.06181283,0.002315932845321896,0.033505440982172945,1
-203.69829,187.98682,-44.93801,10.299503,-28.669926,-11.063358,30.44334,-13.998748,5.7014885,2.650057,-14.6439705,1.7399447,-21.91612,783.6333295029775,0.0566499255952381,684.7094116210938,0.014908348,0.037469685,0.05067591,0.029436868,0.024121126,0.21560447,0.6651517,0.6167617,0.18507583,0.069894135,0.073688895,0.030005498,0.009430092725461836,0.11657689057404054,1
-114.57586,200.16371,-131.74782,5.7808523,-42.492752,-23.458155,40.075283,-39.995193,-0.2665184,14.600156,-18.907118,8.175956,-23.5,1223.7713484740686,0.11964832652698863,973.5039672851562,0.19401373,0.5671779,0.4421836,0.46676263,0.6333624,0.27111655,0.4919063,0.92285323,0.24174987,0.42060205,0.16309343,0.11474638,0.007026305014571543,0.08756385080485916,1
-207.4818,166.60825,-93.77339,-10.40788,-29.719427,-3.5162823,33.204285,-33.54225,-10.130437,5.229085,-13.513258,2.6654093,-15.037071,1038.577649969292,0.11501953125,951.9149780273438,0.12632589,0.39802358,0.7095435,0.15979621,0.2647997,0.56012076,0.1461222,0.09134986,0.13876313,0.37251523,0.7307516,0.17825754,0.003296926297420475,0.036367852340876104,1
-181.5968,190.75612,-55.165413,-12.86826,-39.916477,-11.522603,30.73774,-16.862175,-3.5563726,-6.0009513,-17.868002,5.49721,-15.453496,844.8476199255884,0.09930616809475806,728.6702270507812,0.27351242,0.19520342,0.14842926,0.11048781,0.26508567,0.65188134,0.28371456,0.08225141,0.36682191,0.69388443,0.15832335,0.115859255,0.005891575454434906,0.07565168143237753,1
-134.5899,155.84789,-60.597466,43.771606,-18.527493,-11.243468,35.417336,-32.474907,-0.9927803,10.6573,-16.618616,13.632009,-6.193651,1050.7425323079942,0.07786823141163793,1379.6883544921875,0.05431278,0.06608667,0.16401307,0.34018707,0.9610501,0.3530815,0.06210526,0.092969224,0.13491264,0.030980479,0.049561225,0.20219426,0.0038428351449311944,0.05308303598385633,1
-145.06328,172.38223,-92.79018,28.033936,-33.105747,-17.681429,24.304646,-33.83673,10.597935,9.086375,-4.1547885,8.712193,-25.07464,1191.5353800409637,0.09472142269736843,983.2243041992188,0.05772177,0.014867631,0.16915293,0.7678457,0.17036925,0.038728405,0.04358066,0.19348717,0.6880727,0.15142943,0.01757034,0.026126226,0.004884475748574964,0.09166774030053275,1
-177.7355,162.08206,-114.69873,-9.806131,-29.261143,-13.073422,30.857618,-29.704226,-3.487402,9.630249,-13.740976,6.9985714,-11.368282,1171.777512626678,0.1313079124273256,983.2537841796875,0.0900199,0.34515098,0.09377729,0.12057598,0.7082496,0.30585557,0.02886871,0.013493658,0.12751946,0.8466134,0.28918746,0.027637556,0.003817521724508239,0.06864088087063465,1
-186.91115,196.42052,-67.583824,20.180704,-24.459816,-21.181356,22.710228,-31.904472,-14.094068,-0.49159217,-2.2661574,11.532439,-20.67576,861.8859497539388,0.07096354166666667,725.5159912109375,0.36505827,0.24773113,0.22151536,0.37645018,0.08391669,0.11442715,0.4402706,0.10751825,0.011629617,0.02293941,0.22804272,0.9503348,0.007026819298911317,0.05502232047534995,1
-223.37813,147.1909,-85.931335,4.4903626,-46.51165,-2.4043021,43.946636,-17.744862,2.8522072,-0.32686675,-9.637881,9.91981,0.45742,1218.9322566727733,0.11031024639423077,999.4317626953125,0.54357433,0.39567986,0.3100068,0.27366936,0.09738324,0.049012642,0.28843614,0.21837609,0.10533014,0.38363034,0.14601472,0.8051432,0.007980135784301137,0.0911530608993643,1
-152.63316,218.67876,-63.76197,13.014494,-45.113445,-11.615041,38.18503,-31.05573,5.039879,4.5542617,-19.527502,11.602816,-12.558979,860.8230931831403,0.08106496710526316,698.22412109375,0.29477784,0.2428049,0.1367935,0.41259474,0.36885476,0.3868927,0.5169934,0.24977656,0.5479465,0.52478266,0.268393,0.1949611,0.005277336807764811,0.09244816198597712,1
-226.21661,166.82567,-88.47364,10.676432,-40.065323,-26.238167,43.677116,-17.04011,-12.482481,0.5430641,-12.233026,-0.2634344,-20.183815,1114.1897746865175,0.10376446063701923,1105.468994140625,0.42779878,0.23882382,0.9334952,0.25440723,0.060552385,0.21303064,0.65069824,0.10635804,0.16002347,0.67157817,0.15637392,0.29527774,0.0038820574414007007,0.041451188771928556,1
-158.78923,167.44315,-123.527954,7.649734,-28.817999,-19.332405,30.624943,-30.360054,6.812709,4.8865585,-28.631098,9.407331,-10.489059,1180.4315898762661,0.11145290798611111,983.7640991210938,0.07195197,0.04916875,0.38872907,0.093612894,0.019697241,0.047017314,0.12800163,0.989495,0.2416781,0.015920343,0.08376474,0.41921377,0.0023811106162223085,0.0476292926879314,1
-187.25078,178.21832,-107.53401,-9.041737,-36.487606,-12.625641,31.923164,-27.192223,-0.9471259,0.4653716,-8.889488,13.832436,-23.172285,1139.5533088057625,0.11713716172680412,1371.8572998046875,0.36513552,0.2760292,0.66125387,0.20516087,0.09671515,0.2910591,0.7704445,0.18867652,0.09407409,0.11182881,0.06057549,0.24642225,0.012944343798522844,0.06848687503377224,1
-263.13364,131.91946,-71.7577,-2.0336251,-31.793749,0.2502134,20.578354,-25.593178,10.531964,1.1278665,-17.591764,4.007093,-11.159512,1183.1724774548459,0.11072570008116883,1166.676513671875,0.5610813,0.07429089,0.18664856,0.61167103,0.2130271,0.06525826,0.10323341,0.39102495,0.91869694,0.24760987,0.030281795,0.32495034,0.0032743678859172677,0.04153040174303613,1
-208.08011,132.35135,-100.66417,-8.370045,-43.776627,-11.481678,42.479935,-22.270475,-3.460497,8.379977,-8.575804,2.10356,-16.879816,1248.926791794559,0.10576293187111802,883.9193725585938,0.11112025,0.5270722,0.11999776,0.09814183,0.05970219,0.011984125,0.091951095,0.9618208,0.44697425,0.023461722,0.08300217,0.041843317,0.003286083218040342,0.04199842272876491,1
-259.38724,138.14143,-85.56459,-17.972603,-25.802683,3.2142928,19.90624,-34.279415,4.10132,4.7743955,-22.17915,2.3285594,-10.906868,1158.988531423253,0.1270435474537037,957.2315673828125,0.019558838,0.06284681,0.16164273,0.08300357,0.2231865,0.40143543,0.094768316,0.012119212,0.053742796,0.22499202,0.83558935,0.25802663,0.0037578982253616807,0.07157517170238546,1
-166.6576,189.95557,-84.021774,16.456705,-28.032015,-34.783302,21.11856,-34.060486,-17.138205,13.133529,4.338385,19.441584,-5.020143,1019.0529556560855,0.08763168797348485,744.059326171875,0.3678938,0.5302267,0.37398884,0.70129496,0.71197087,0.12558676,0.12208002,0.05786174,0.05556225,0.07280063,0.03183526,0.060281236,0.007236971098885064,0.09701180499405501,1
-180.98978,179.43132,-107.09802,9.137434,-9.159395,-17.29492,21.96168,-23.173975,0.87452585,5.4884624,-21.43516,-1.7802346,-8.242969,1077.2592719137822,0.09390201208726415,1132.4019775390625,0.56740785,0.11686495,0.118121065,0.42751318,0.20656823,0.15132488,0.17678599,0.3245771,0.85943747,0.29762575,0.10215368,0.31813034,0.005265442664248192,0.05984075712400357,1
-155.92548,177.47398,-73.63789,-2.0681763,-52.76078,-26.969784,32.649902,-11.141,10.119097,-4.5910406,-24.978508,4.5432134,-10.688745,964.7191298419993,0.10601903521825397,663.4093627929688,0.07610767,0.030477012,0.103616334,0.017466942,0.007555924,0.006984029,0.12394259,0.615109,0.12952793,0.018031782,0.40703982,0.92307466,0.004374192604677406,0.05657267520742491,1
-128.27388,217.2059,-74.73896,19.50387,-32.842907,-4.0647764,50.984276,-29.33365,-6.855677,5.1709967,-12.87923,10.260482,-12.130066,892.7544540288507,0.07110806169181035,840.4613647460938,0.39343104,0.90886265,0.54698324,0.19529253,0.1473141,0.1975128,0.07415314,0.07355717,0.15624829,0.08403297,0.16999377,0.33926466,0.008117640718608436,0.09459302612227631,1
-195.69566,201.53462,-68.50211,-11.551616,-37.591072,-17.326632,20.326403,-22.458784,-0.3996804,-5.323883,-13.854583,11.168555,-15.185891,821.9293622968827,0.08465140206473214,734.9230346679688,0.07543821,0.18711925,0.16579059,0.88915825,0.5584717,0.06390907,0.078877576,0.33188778,0.11893757,0.04388069,0.32177797,0.2173131,0.004556468452884164,0.06691686493424513,1
-170.92851,177.54843,-78.45453,8.119568,-56.24727,-45.17549,38.291904,-14.396794,-6.437664,14.669258,-5.7251987,3.0524766,-11.5626135,1086.6043312690113,0.09373399077868852,796.8688354492188,0.03151554,0.06240223,0.15902907,0.102438755,0.12899859,0.8551698,0.6499446,0.12990782,0.13203874,0.054048486,0.06516543,0.046786875,0.009301787457145093,0.12264927586003599,1
-211.93652,174.14146,-44.592106,20.355732,-20.020351,-18.210945,26.71626,-13.708678,-8.4162445,-0.7908964,-3.5601149,3.0802712,-17.364847,851.539164158755,0.06452120267427884,654.5634765625,0.076416284,0.13552849,0.03763117,0.032321073,0.08418621,0.53094363,0.91006845,0.26639265,0.040889286,0.029473683,0.028137472,0.019351283,0.014162328299653151,0.11550959682162845,1
-174.72037,190.58296,-67.98941,-4.5326757,-37.26949,-18.630894,16.293365,-38.332825,-3.271863,14.234474,-3.5232604,10.735692,-14.604701,873.9948932976237,0.08604910714285714,776.76171875,0.17849271,0.87883854,0.24271004,0.110777445,0.30454955,0.71850836,0.08931733,0.054944564,0.23204711,0.06489098,0.029306047,0.0466444,0.004184127613225311,0.06917580774871217,1
-262.2026,140.71274,-74.78051,1.7359154,-32.388374,1.3701639,29.211838,-39.920265,2.1526792,6.689372,-19.911987,14.2065115,-9.763426,1289.6446327475692,0.12802886962890625,1298.492919921875,0.32633767,0.09213539,0.5281686,0.5299262,0.16374116,0.20215464,0.124266334,0.5198956,0.37939706,0.078704774,0.11414616,0.62985486,0.005455057837637025,0.062727607656943,1
-106.00799,163.42099,-117.52915,12.906789,-35.132244,-29.624508,34.6951,-25.21907,-7.547751,4.3215046,-6.734344,13.190859,-7.4832377,1166.04282457877,0.11980259018456375,867.8668212890625,0.953024,0.21365584,0.035487235,0.05064388,0.21441965,0.51383656,0.10433986,0.015751,0.06769569,0.042521566,0.013984008,0.27612373,0.0038119081188924325,0.032700835197335,1
-148.3181,167.61365,-103.40627,5.49857,-42.943817,-2.4635253,26.943123,-43.30376,19.834332,5.0297575,-21.405731,14.020812,-30.592098,1290.2537933246363,0.14437556612318841,1195.79296875,0.058712885,0.09109563,0.040592406,0.13707541,0.76462895,0.2259203,0.011759737,0.048351258,0.24717112,0.75861704,0.18697411,0.038688403,0.004663554513399019,0.052905616779131734,1
-399.61542,57.802704,44.156963,39.659565,35.947002,30.932055,25.775913,20.341429,14.671488,8.963635,3.3403358,-2.0238237,-7.1030445,192.01158051199738,0.0181884765625,0.0,0.007233844,0.100629516,0.8688925,1.0,0.18959077,0.0105027035,0.003002672,0.0018343896,0.0015423938,0.0014743747,0.0016903484,0.0024983634,3.18348503508201e-07,2.367891670148616e-06,1
-401.86356,53.492043,39.38078,34.454453,31.099144,26.46915,21.85995,16.991507,11.958809,6.8371286,1.7504823,-3.1494787,-7.8560505,169.58931412941757,0.0185394287109375,155.27999877929688,0.0033565345,0.032735854,0.43148997,1.0,0.32401866,0.023447227,0.0030301025,0.0016838,0.0013313638,0.0012210922,0.0013497632,0.0019030639,3.212677091257315e-07,2.211251290518666e-06,1
-384.34125,44.5872,31.940928,27.73703,24.818481,20.893917,16.735767,12.503927,8.035857,3.5127697,-1.0100303,-5.3701277,-9.52916,203.82589360452545,0.0196380615234375,164.30239868164062,0.001666499,0.0027229232,0.022311024,0.32608694,1.0,0.38759807,0.024777941,0.0028334241,0.001703477,0.0012676376,0.0011626377,0.0012474672,3.1265072853026664e-07,1.915239292749364e-06,1
-199.68732,154.24219,-30.88023,51.389122,-9.993373,-17.78066,15.604919,-38.093864,-10.294191,4.4410925,-10.644858,10.649866,-7.5271707,834.527959648159,0.053985821759259256,635.76416015625,0.01210643,0.010451735,0.040756255,0.13728073,0.031085333,0.013272509,0.025332632,0.3505312,0.9985198,0.18494421,0.024081307,0.015950168,0.010676999953752746,0.09746956168935526,1
-377.851,55.016617,41.987076,37.139236,33.335854,28.323534,22.94865,17.4152,11.631456,5.8306723,0.12716065,-5.2714295,-10.290655,208.74594804089045,0.019134521484375,160.4180450439453,0.0015600161,0.0029250858,0.026121536,0.44075856,1.0,0.38605034,0.019981103,0.002931576,0.0016406872,0.0012758656,0.0011506625,0.0012213768,3.1441403084120163e-07,1.9304381736987226e-06,1
-142.73744,172.53444,-61.34267,27.35211,-20.636404,-17.55124,17.822025,-38.840622,0.27732432,7.016688,-32.990345,-10.731752,-17.772892,887.1150915638636,0.055266927083333334,724.1568603515625,0.2864719,0.95829856,0.29438224,0.03305384,0.0150100505,0.029310878,0.008941771,0.034673724,0.18463182,0.065094195,0.0049050865,0.0101470975,0.007749644657917775,0.05473253798336243,1
-383.21933,43.70698,32.057545,28.257103,26.038801,23.09556,19.837769,16.58868,13.121014,9.51623,5.818019,2.0945902,-1.5694695,190.88885539740437,0.0167694091796875,0.0,0.3021871,1.0,0.5651357,0.077859014,0.004903845,0.0026832921,0.0019683654,0.0016471407,0.0017164024,0.0020702826,0.0031604287,0.020238908,2.6711820233993043e-07,1.9398508505402385e-06,1
-181.18474,176.37189,-69.04909,9.819604,-18.922348,-11.940584,11.262421,-40.651886,-0.15559489,8.569305,-19.964905,-2.3248417,-14.87219,889.6285899202504,0.07867348030821918,845.1126098632812,0.046304718,0.04642651,0.12674169,0.0490142,0.08309148,0.65312916,0.29018,0.03135634,0.087669164,0.2298398,0.7692914,0.33860567,0.0073093327799311535,0.04793963250787616,1
